"filename", "language", "Markdown", "Sass", "SCSS", "HTML", "YAML", "JSON", "BibTeX", "Shell Script", "JSON with Comments", "XML", "JavaScript", "CSS", "comment", "blank", "total"
"/mnt/nodo/Repos/website-version-1/.drone.yml", "YAML", 0, 0, 0, 0, 10, 0, 0, 0, 0, 0, 0, 0, 0, 1, 11
"/mnt/nodo/Repos/website-version-1/.markdownlint.jsonc", "JSON with Comments", 0, 0, 0, 0, 0, 0, 0, 0, 4, 0, 0, 0, 0, 0, 4
"/mnt/nodo/Repos/website-version-1/404.html", "HTML", 0, 0, 0, 23, 0, 0, 0, 0, 0, 0, 0, 0, 0, 4, 27
"/mnt/nodo/Repos/website-version-1/README.html", "HTML", 0, 0, 0, 27, 0, 0, 0, 0, 0, 0, 0, 0, 0, 3, 30
"/mnt/nodo/Repos/website-version-1/README.md", "Markdown", 532, 0, 0, 0, 0, 0, 0, 0, 0, 0, 0, 0, 2, 333, 867
"/mnt/nodo/Repos/website-version-1/_bibliography/references.bib", "BibTeX", 0, 0, 0, 0, 0, 0, 344, 0, 0, 0, 0, 0, 0, 59, 403
"/mnt/nodo/Repos/website-version-1/_config.yml", "YAML", 0, 0, 0, 0, 41, 0, 0, 0, 0, 0, 0, 0, 39, 9, 89
"/mnt/nodo/Repos/website-version-1/_data/about.yml", "YAML", 0, 0, 0, 0, 24, 0, 0, 0, 0, 0, 0, 0, 5, 5, 34
"/mnt/nodo/Repos/website-version-1/_data/banner-home.yml", "YAML", 0, 0, 0, 0, 3, 0, 0, 0, 0, 0, 0, 0, 1, 2, 6
"/mnt/nodo/Repos/website-version-1/_data/footer.yml", "YAML", 0, 0, 0, 0, 2, 0, 0, 0, 0, 0, 0, 0, 3, 3, 8
"/mnt/nodo/Repos/website-version-1/_data/portals.yml", "YAML", 0, 0, 0, 0, 30, 0, 0, 0, 0, 0, 0, 0, 7, 14, 51
"/mnt/nodo/Repos/website-version-1/_data/projects.yml", "YAML", 0, 0, 0, 0, 23, 0, 0, 0, 0, 0, 0, 0, 6, 4, 33
"/mnt/nodo/Repos/website-version-1/_data/services.yml", "YAML", 0, 0, 0, 0, 9, 0, 0, 0, 0, 0, 0, 0, 4, 4, 17
"/mnt/nodo/Repos/website-version-1/_data/social.yml", "YAML", 0, 0, 0, 0, 15, 0, 0, 0, 0, 0, 0, 0, 5, 6, 26
"/mnt/nodo/Repos/website-version-1/_data/team.yml", "YAML", 0, 0, 0, 0, 28, 0, 0, 0, 0, 0, 0, 0, 3, 15, 46
"/mnt/nodo/Repos/website-version-1/_includes/about.html", "HTML", 0, 0, 0, 31, 0, 0, 0, 0, 0, 0, 0, 0, 0, 0, 31
"/mnt/nodo/Repos/website-version-1/_includes/banner-home.html", "HTML", 0, 0, 0, 12, 0, 0, 0, 0, 0, 0, 0, 0, 0, 1, 13
"/mnt/nodo/Repos/website-version-1/_includes/banner-projects.html", "HTML", 0, 0, 0, 9, 0, 0, 0, 0, 0, 0, 0, 0, 0, 2, 11
"/mnt/nodo/Repos/website-version-1/_includes/banner.html", "HTML", 0, 0, 0, 5, 0, 0, 0, 0, 0, 0, 0, 0, 0, 0, 5
"/mnt/nodo/Repos/website-version-1/_includes/footer.html", "HTML", 0, 0, 0, 60, 0, 0, 0, 0, 0, 0, 0, 0, 0, 8, 68
"/mnt/nodo/Repos/website-version-1/_includes/head.html", "HTML", 0, 0, 0, 26, 0, 0, 0, 0, 0, 0, 0, 0, 0, 2, 28
"/mnt/nodo/Repos/website-version-1/_includes/info.html", "HTML", 0, 0, 0, 24, 0, 0, 0, 0, 0, 0, 0, 0, 0, 1, 25
"/mnt/nodo/Repos/website-version-1/_includes/license.html", "HTML", 0, 0, 0, 61, 0, 0, 0, 0, 0, 0, 0, 0, 0, 4, 65
"/mnt/nodo/Repos/website-version-1/_includes/navigation.html", "HTML", 0, 0, 0, 100, 0, 0, 0, 0, 0, 0, 0, 0, 0, 17, 117
"/mnt/nodo/Repos/website-version-1/_includes/projects.html", "HTML", 0, 0, 0, 37, 0, 0, 0, 0, 0, 0, 0, 0, 0, 0, 37
"/mnt/nodo/Repos/website-version-1/_includes/references.html", "HTML", 0, 0, 0, 20, 0, 0, 0, 0, 0, 0, 0, 0, 0, 1, 21
"/mnt/nodo/Repos/website-version-1/_includes/services.html", "HTML", 0, 0, 0, 34, 0, 0, 0, 0, 0, 0, 0, 0, 0, 0, 34
"/mnt/nodo/Repos/website-version-1/_includes/team.html", "HTML", 0, 0, 0, 33, 0, 0, 0, 0, 0, 0, 0, 0, 0, 3, 36
"/mnt/nodo/Repos/website-version-1/_layouts/blog.html", "HTML", 0, 0, 0, 52, 0, 0, 0, 0, 0, 0, 0, 0, 0, 7, 59
"/mnt/nodo/Repos/website-version-1/_layouts/categories.html", "HTML", 0, 0, 0, 48, 0, 0, 0, 0, 0, 0, 0, 0, 0, 9, 57
"/mnt/nodo/Repos/website-version-1/_layouts/category-archive.html", "HTML", 0, 0, 0, 34, 0, 0, 0, 0, 0, 0, 0, 0, 0, 5, 39
"/mnt/nodo/Repos/website-version-1/_layouts/contact.html", "HTML", 0, 0, 0, 27, 0, 0, 0, 0, 0, 0, 0, 0, 0, 4, 31
"/mnt/nodo/Repos/website-version-1/_layouts/default.html", "HTML", 0, 0, 0, 18, 0, 0, 0, 0, 0, 0, 0, 0, 0, 5, 23
"/mnt/nodo/Repos/website-version-1/_layouts/home.html", "HTML", 0, 0, 0, 7, 0, 0, 0, 0, 0, 0, 0, 0, 0, 5, 12
"/mnt/nodo/Repos/website-version-1/_layouts/infograph.html", "HTML", 0, 0, 0, 32, 0, 0, 0, 0, 0, 0, 0, 0, 0, 8, 40
"/mnt/nodo/Repos/website-version-1/_layouts/leadgen-already-verified.html", "HTML", 0, 0, 0, 31, 0, 0, 0, 0, 0, 0, 0, 0, 0, 4, 35
"/mnt/nodo/Repos/website-version-1/_layouts/leadgen-form.html", "HTML", 0, 0, 0, 65, 0, 0, 0, 0, 0, 0, 0, 0, 0, 6, 71
"/mnt/nodo/Repos/website-version-1/_layouts/leadgen-invalid-data.html", "HTML", 0, 0, 0, 46, 0, 0, 0, 0, 0, 0, 0, 0, 0, 4, 50
"/mnt/nodo/Repos/website-version-1/_layouts/leadgen-verification-success.html", "HTML", 0, 0, 0, 28, 0, 0, 0, 0, 0, 0, 0, 0, 0, 4, 32
"/mnt/nodo/Repos/website-version-1/_layouts/leadgen-verify.html", "HTML", 0, 0, 0, 44, 0, 0, 0, 0, 0, 0, 0, 0, 0, 4, 48
"/mnt/nodo/Repos/website-version-1/_layouts/membership-application-success.html", "HTML", 0, 0, 0, 44, 0, 0, 0, 0, 0, 0, 0, 0, 0, 4, 48
"/mnt/nodo/Repos/website-version-1/_layouts/membership-form.html", "HTML", 0, 0, 0, 58, 0, 0, 0, 0, 0, 0, 0, 0, 0, 6, 64
"/mnt/nodo/Repos/website-version-1/_layouts/membership-invalid-data.html", "HTML", 0, 0, 0, 46, 0, 0, 0, 0, 0, 0, 0, 0, 0, 4, 50
"/mnt/nodo/Repos/website-version-1/_layouts/portals.html", "HTML", 0, 0, 0, 42, 0, 0, 0, 0, 0, 0, 0, 0, 0, 3, 45
"/mnt/nodo/Repos/website-version-1/_layouts/post.html", "HTML", 0, 0, 0, 12, 0, 0, 0, 0, 0, 0, 0, 0, 0, 2, 14
"/mnt/nodo/Repos/website-version-1/_layouts/project.html", "HTML", 0, 0, 0, 12, 0, 0, 0, 0, 0, 0, 0, 0, 0, 8, 20
"/mnt/nodo/Repos/website-version-1/_layouts/search.html", "HTML", 0, 0, 0, 29, 0, 0, 0, 0, 0, 0, 0, 0, 0, 5, 34
"/mnt/nodo/Repos/website-version-1/_layouts/services.html", "HTML", 0, 0, 0, 57, 0, 0, 0, 0, 0, 0, 0, 0, 0, 4, 61
"/mnt/nodo/Repos/website-version-1/_layouts/status-message.html", "HTML", 0, 0, 0, 24, 0, 0, 0, 0, 0, 0, 0, 0, 0, 5, 29
"/mnt/nodo/Repos/website-version-1/_layouts/surveys.html", "HTML", 0, 0, 0, 40, 0, 0, 0, 0, 0, 0, 0, 0, 0, 4, 44
"/mnt/nodo/Repos/website-version-1/_layouts/tag-archive.html", "HTML", 0, 0, 0, 34, 0, 0, 0, 0, 0, 0, 0, 0, 0, 5, 39
"/mnt/nodo/Repos/website-version-1/_layouts/tags.html", "HTML", 0, 0, 0, 48, 0, 0, 0, 0, 0, 0, 0, 0, 0, 9, 57
"/mnt/nodo/Repos/website-version-1/_posts/2019-10-03-focos.markdown", "Markdown", 19, 0, 0, 0, 0, 0, 0, 0, 0, 0, 0, 0, 13, 14, 46
"/mnt/nodo/Repos/website-version-1/_posts/2019-10-11-mascotas.markdown", "Markdown", 20, 0, 0, 0, 0, 0, 0, 0, 0, 0, 0, 0, 18, 14, 52
"/mnt/nodo/Repos/website-version-1/_posts/2019-12-07-pilas.markdown", "Markdown", 35, 0, 0, 0, 0, 0, 0, 0, 0, 0, 0, 0, 32, 19, 86
"/mnt/nodo/Repos/website-version-1/_posts/2020-20-09-encuesta2019-01.markdown", "Markdown", 63, 0, 0, 0, 0, 0, 0, 0, 0, 0, 0, 0, 2, 61, 126
"/mnt/nodo/Repos/website-version-1/_posts/2020-22-09-baterias-autos.markdown", "Markdown", 66, 0, 0, 0, 0, 0, 0, 0, 0, 0, 0, 0, 21, 53, 140
"/mnt/nodo/Repos/website-version-1/_sass/base/_all.sass", "Sass", 0, 4, 0, 0, 0, 0, 0, 0, 0, 0, 0, 0, 0, 2, 6
"/mnt/nodo/Repos/website-version-1/_sass/base/generic.sass", "Sass", 0, 116, 0, 0, 0, 0, 0, 0, 0, 0, 0, 0, 2, 25, 143
"/mnt/nodo/Repos/website-version-1/_sass/base/helpers.sass", "Sass", 0, 213, 0, 0, 0, 0, 0, 0, 0, 0, 0, 0, 6, 63, 282
"/mnt/nodo/Repos/website-version-1/_sass/base/minireset.sass", "Sass", 0, 67, 0, 0, 0, 0, 0, 0, 0, 0, 0, 0, 8, 11, 86
"/mnt/nodo/Repos/website-version-1/_sass/components/_all.sass", "Sass", 0, 14, 0, 0, 0, 0, 0, 0, 0, 0, 0, 0, 0, 2, 16
"/mnt/nodo/Repos/website-version-1/_sass/components/breadcrumb.sass", "Sass", 0, 69, 0, 0, 0, 0, 0, 0, 0, 0, 0, 0, 3, 4, 76
"/mnt/nodo/Repos/website-version-1/_sass/components/card.sass", "Sass", 0, 64, 0, 0, 0, 0, 0, 0, 0, 0, 0, 0, 1, 15, 80
"/mnt/nodo/Repos/website-version-1/_sass/components/dropdown.sass", "Sass", 0, 72, 0, 0, 0, 0, 0, 0, 0, 0, 0, 0, 0, 10, 82
"/mnt/nodo/Repos/website-version-1/_sass/components/level.sass", "Sass", 0, 65, 0, 0, 0, 0, 0, 0, 0, 0, 0, 0, 7, 6, 78
"/mnt/nodo/Repos/website-version-1/_sass/components/list.sass", "Sass", 0, 32, 0, 0, 0, 0, 0, 0, 0, 0, 0, 0, 3, 5, 40
"/mnt/nodo/Repos/website-version-1/_sass/components/media.sass", "Sass", 0, 42, 0, 0, 0, 0, 0, 0, 0, 0, 0, 0, 1, 6, 49
"/mnt/nodo/Repos/website-version-1/_sass/components/menu.sass", "Sass", 0, 50, 0, 0, 0, 0, 0, 0, 0, 0, 0, 0, 2, 6, 58
"/mnt/nodo/Repos/website-version-1/_sass/components/message.sass", "Sass", 0, 78, 0, 0, 0, 0, 0, 0, 0, 0, 0, 0, 2, 8, 88
"/mnt/nodo/Repos/website-version-1/_sass/components/modal.sass", "Sass", 0, 93, 0, 0, 0, 0, 0, 0, 0, 0, 0, 0, 2, 19, 114
"/mnt/nodo/Repos/website-version-1/_sass/components/navbar.sass", "Sass", 0, 411, 0, 0, 0, 0, 0, 0, 0, 0, 0, 0, 4, 29, 444
"/mnt/nodo/Repos/website-version-1/_sass/components/pagination.sass", "Sass", 0, 130, 0, 0, 0, 0, 0, 0, 0, 0, 0, 0, 1, 19, 150
"/mnt/nodo/Repos/website-version-1/_sass/components/panel.sass", "Sass", 0, 89, 0, 0, 0, 0, 0, 0, 0, 0, 0, 0, 1, 14, 104
"/mnt/nodo/Repos/website-version-1/_sass/components/tabs.sass", "Sass", 0, 144, 0, 0, 0, 0, 0, 0, 0, 0, 0, 0, 3, 5, 152
"/mnt/nodo/Repos/website-version-1/_sass/elements/_all.sass", "Sass", 0, 13, 0, 0, 0, 0, 0, 0, 0, 0, 0, 0, 0, 3, 16
"/mnt/nodo/Repos/website-version-1/_sass/elements/box.sass", "Sass", 0, 21, 0, 0, 0, 0, 0, 0, 0, 0, 0, 0, 0, 4, 25
"/mnt/nodo/Repos/website-version-1/_sass/elements/button.sass", "Sass", 0, 288, 0, 0, 0, 0, 0, 0, 0, 0, 0, 0, 6, 12, 306
"/mnt/nodo/Repos/website-version-1/_sass/elements/container.sass", "Sass", 0, 22, 0, 0, 0, 0, 0, 0, 0, 0, 0, 0, 0, 2, 24
"/mnt/nodo/Repos/website-version-1/_sass/elements/content.sass", "Sass", 0, 148, 0, 0, 0, 0, 0, 0, 0, 0, 0, 0, 3, 5, 156
"/mnt/nodo/Repos/website-version-1/_sass/elements/form.sass", "Sass", 0, 1, 0, 0, 0, 0, 0, 0, 0, 0, 0, 0, 0, 1, 2
"/mnt/nodo/Repos/website-version-1/_sass/elements/icon.sass", "Sass", 0, 19, 0, 0, 0, 0, 0, 0, 0, 0, 0, 0, 1, 2, 22
"/mnt/nodo/Repos/website-version-1/_sass/elements/image.sass", "Sass", 0, 66, 0, 0, 0, 0, 0, 0, 0, 0, 0, 0, 2, 2, 70
"/mnt/nodo/Repos/website-version-1/_sass/elements/notification.sass", "Sass", 0, 33, 0, 0, 0, 0, 0, 0, 0, 0, 0, 0, 1, 2, 36
"/mnt/nodo/Repos/website-version-1/_sass/elements/other.sass", "Sass", 0, 34, 0, 0, 0, 0, 0, 0, 0, 0, 0, 0, 0, 6, 40
"/mnt/nodo/Repos/website-version-1/_sass/elements/progress.sass", "Sass", 0, 60, 0, 0, 0, 0, 0, 0, 0, 0, 0, 0, 2, 6, 68
"/mnt/nodo/Repos/website-version-1/_sass/elements/table.sass", "Sass", 0, 116, 0, 0, 0, 0, 0, 0, 0, 0, 0, 0, 3, 9, 128
"/mnt/nodo/Repos/website-version-1/_sass/elements/tag.sass", "Sass", 0, 114, 0, 0, 0, 0, 0, 0, 0, 0, 0, 0, 4, 4, 122
"/mnt/nodo/Repos/website-version-1/_sass/elements/title.sass", "Sass", 0, 64, 0, 0, 0, 0, 0, 0, 0, 0, 0, 0, 2, 5, 71
"/mnt/nodo/Repos/website-version-1/_sass/fa/_animated.scss", "SCSS", 0, 0, 14, 0, 0, 0, 0, 0, 0, 0, 0, 0, 2, 5, 21
"/mnt/nodo/Repos/website-version-1/_sass/fa/_bordered-pulled.scss", "SCSS", 0, 0, 15, 0, 0, 0, 0, 0, 0, 0, 0, 0, 2, 4, 21
"/mnt/nodo/Repos/website-version-1/_sass/fa/_core.scss", "SCSS", 0, 0, 17, 0, 0, 0, 0, 0, 0, 0, 0, 0, 2, 3, 22
"/mnt/nodo/Repos/website-version-1/_sass/fa/_fixed-width.scss", "SCSS", 0, 0, 4, 0, 0, 0, 0, 0, 0, 0, 0, 0, 2, 1, 7
"/mnt/nodo/Repos/website-version-1/_sass/fa/_icons.scss", "SCSS", 0, 0, 1385, 0, 0, 0, 0, 0, 0, 0, 0, 0, 2, 2, 1389
"/mnt/nodo/Repos/website-version-1/_sass/fa/_larger.scss", "SCSS", 0, 0, 16, 0, 0, 0, 0, 0, 0, 0, 0, 0, 3, 5, 24
"/mnt/nodo/Repos/website-version-1/_sass/fa/_list.scss", "SCSS", 0, 0, 13, 0, 0, 0, 0, 0, 0, 0, 0, 0, 2, 4, 19
"/mnt/nodo/Repos/website-version-1/_sass/fa/_mixins.scss", "SCSS", 0, 0, 38, 0, 0, 0, 0, 0, 0, 0, 0, 0, 10, 9, 57
"/mnt/nodo/Repos/website-version-1/_sass/fa/_rotated-flipped.scss", "SCSS", 0, 0, 16, 0, 0, 0, 0, 0, 0, 0, 0, 0, 4, 5, 25
"/mnt/nodo/Repos/website-version-1/_sass/fa/_screen-reader.scss", "SCSS", 0, 0, 2, 0, 0, 0, 0, 0, 0, 0, 0, 0, 2, 2, 6
"/mnt/nodo/Repos/website-version-1/_sass/fa/_shims.scss", "SCSS", 0, 0, 1601, 0, 0, 0, 0, 0, 0, 0, 0, 0, 0, 462, 2063
"/mnt/nodo/Repos/website-version-1/_sass/fa/_stacked.scss", "SCSS", 0, 0, 24, 0, 0, 0, 0, 0, 0, 0, 0, 0, 2, 6, 32
"/mnt/nodo/Repos/website-version-1/_sass/fa/_variables.scss", "SCSS", 0, 0, 1399, 0, 0, 0, 0, 0, 0, 0, 0, 0, 3, 4, 1406
"/mnt/nodo/Repos/website-version-1/_sass/form/_all.sass", "Sass", 0, 7, 0, 0, 0, 0, 0, 0, 0, 0, 0, 0, 0, 2, 9
"/mnt/nodo/Repos/website-version-1/_sass/form/checkbox-radio.sass", "Sass", 0, 19, 0, 0, 0, 0, 0, 0, 0, 0, 0, 0, 0, 3, 22
"/mnt/nodo/Repos/website-version-1/_sass/form/file.sass", "Sass", 0, 168, 0, 0, 0, 0, 0, 0, 0, 0, 0, 0, 3, 10, 181
"/mnt/nodo/Repos/website-version-1/_sass/form/input-textarea.sass", "Sass", 0, 54, 0, 0, 0, 0, 0, 0, 0, 0, 0, 0, 4, 3, 61
"/mnt/nodo/Repos/website-version-1/_sass/form/select.sass", "Sass", 0, 81, 0, 0, 0, 0, 0, 0, 0, 0, 0, 0, 4, 1, 86
"/mnt/nodo/Repos/website-version-1/_sass/form/shared.sass", "Sass", 0, 47, 0, 0, 0, 0, 0, 0, 0, 0, 0, 0, 0, 9, 56
"/mnt/nodo/Repos/website-version-1/_sass/form/tools.sass", "Sass", 0, 193, 0, 0, 0, 0, 0, 0, 0, 0, 0, 0, 4, 9, 206
"/mnt/nodo/Repos/website-version-1/_sass/grid/_all.sass", "Sass", 0, 3, 0, 0, 0, 0, 0, 0, 0, 0, 0, 0, 0, 2, 5
"/mnt/nodo/Repos/website-version-1/_sass/grid/columns.sass", "Sass", 0, 498, 0, 0, 0, 0, 0, 0, 0, 0, 0, 0, 3, 4, 505
"/mnt/nodo/Repos/website-version-1/_sass/grid/tiles.sass", "Sass", 0, 31, 0, 0, 0, 0, 0, 0, 0, 0, 0, 0, 2, 2, 35
"/mnt/nodo/Repos/website-version-1/_sass/layout/_all.sass", "Sass", 0, 4, 0, 0, 0, 0, 0, 0, 0, 0, 0, 0, 0, 2, 6
"/mnt/nodo/Repos/website-version-1/_sass/layout/footer.sass", "Sass", 0, 8, 0, 0, 0, 0, 0, 0, 0, 0, 0, 0, 0, 2, 10
"/mnt/nodo/Repos/website-version-1/_sass/layout/hero.sass", "Sass", 0, 127, 0, 0, 0, 0, 0, 0, 0, 0, 0, 0, 9, 8, 144
"/mnt/nodo/Repos/website-version-1/_sass/layout/section.sass", "Sass", 0, 10, 0, 0, 0, 0, 0, 0, 0, 0, 0, 0, 2, 2, 14
"/mnt/nodo/Repos/website-version-1/_sass/utilities/_all.sass", "Sass", 0, 7, 0, 0, 0, 0, 0, 0, 0, 0, 0, 0, 0, 2, 9
"/mnt/nodo/Repos/website-version-1/_sass/utilities/animations.sass", "Sass", 0, 5, 0, 0, 0, 0, 0, 0, 0, 0, 0, 0, 0, 1, 6
"/mnt/nodo/Repos/website-version-1/_sass/utilities/controls.sass", "Sass", 0, 42, 0, 0, 0, 0, 0, 0, 0, 0, 0, 0, 2, 7, 51
"/mnt/nodo/Repos/website-version-1/_sass/utilities/derived-variables.sass", "Sass", 0, 54, 0, 0, 0, 0, 0, 0, 0, 0, 0, 0, 7, 25, 86
"/mnt/nodo/Repos/website-version-1/_sass/utilities/functions.sass", "Sass", 0, 44, 0, 0, 0, 0, 0, 0, 0, 0, 0, 0, 9, 10, 63
"/mnt/nodo/Repos/website-version-1/_sass/utilities/initial-variables.sass", "Sass", 0, 49, 0, 0, 0, 0, 0, 0, 0, 0, 0, 0, 11, 7, 67
"/mnt/nodo/Repos/website-version-1/_sass/utilities/mixins.sass", "Sass", 0, 224, 0, 0, 0, 0, 0, 0, 0, 0, 0, 0, 4, 34, 262
"/mnt/nodo/Repos/website-version-1/_surveys/2019-01.markdown", "Markdown", 132, 0, 0, 0, 0, 0, 0, 0, 0, 0, 0, 0, 2, 88, 222
"/mnt/nodo/Repos/website-version-1/assets/css/blog.css", "CSS", 0, 0, 0, 0, 0, 0, 0, 0, 0, 0, 0, 52, 5, 16, 73
"/mnt/nodo/Repos/website-version-1/assets/css/brands.scss", "SCSS", 0, 0, 20, 0, 0, 0, 0, 0, 0, 0, 0, 0, 4, 3, 27
"/mnt/nodo/Repos/website-version-1/assets/css/bulma.sass", "Sass", 0, 13, 0, 0, 0, 0, 0, 0, 0, 0, 0, 0, 0, 2, 15
"/mnt/nodo/Repos/website-version-1/assets/css/cards.css", "CSS", 0, 0, 0, 0, 0, 0, 0, 0, 0, 0, 0, 28, 0, 3, 31
"/mnt/nodo/Repos/website-version-1/assets/css/contact.css", "CSS", 0, 0, 0, 0, 0, 0, 0, 0, 0, 0, 0, 129, 8, 30, 167
"/mnt/nodo/Repos/website-version-1/assets/css/fontawesome.scss", "SCSS", 0, 0, 16, 0, 0, 0, 0, 0, 0, 0, 0, 0, 4, 3, 23
"/mnt/nodo/Repos/website-version-1/assets/css/fonts.css", "CSS", 0, 0, 0, 0, 0, 0, 0, 0, 0, 0, 0, 40, 0, 4, 44
"/mnt/nodo/Repos/website-version-1/assets/css/fonts/fa/fa-brands-400.svg", "XML", 0, 0, 0, 0, 0, 0, 0, 0, 0, 3492, 0, 0, 4, 1, 3497
"/mnt/nodo/Repos/website-version-1/assets/css/fonts/fa/fa-solid-900.svg", "XML", 0, 0, 0, 0, 0, 0, 0, 0, 0, 4645, 0, 0, 4, 1, 4650
"/mnt/nodo/Repos/website-version-1/assets/css/info.css", "CSS", 0, 0, 0, 0, 0, 0, 0, 0, 0, 0, 0, 9, 1, 2, 12
"/mnt/nodo/Repos/website-version-1/assets/css/infograph.css", "CSS", 0, 0, 0, 0, 0, 0, 0, 0, 0, 0, 0, 139, 6, 22, 167
"/mnt/nodo/Repos/website-version-1/assets/css/leadgen.css", "CSS", 0, 0, 0, 0, 0, 0, 0, 0, 0, 0, 0, 506, 9, 106, 621
"/mnt/nodo/Repos/website-version-1/assets/css/license.css", "CSS", 0, 0, 0, 0, 0, 0, 0, 0, 0, 0, 0, 98, 7, 18, 123
"/mnt/nodo/Repos/website-version-1/assets/css/project.css", "CSS", 0, 0, 0, 0, 0, 0, 0, 0, 0, 0, 0, 469, 10, 111, 590
"/mnt/nodo/Repos/website-version-1/assets/css/references.css", "CSS", 0, 0, 0, 0, 0, 0, 0, 0, 0, 0, 0, 36, 7, 9, 52
"/mnt/nodo/Repos/website-version-1/assets/css/search.css", "CSS", 0, 0, 0, 0, 0, 0, 0, 0, 0, 0, 0, 70, 8, 15, 93
"/mnt/nodo/Repos/website-version-1/assets/css/solid.scss", "SCSS", 0, 0, 22, 0, 0, 0, 0, 0, 0, 0, 0, 0, 4, 4, 30
"/mnt/nodo/Repos/website-version-1/assets/css/style.css", "CSS", 0, 0, 0, 0, 0, 0, 0, 0, 0, 0, 0, 1627, 20, 370, 2017
"/mnt/nodo/Repos/website-version-1/assets/icon/browserconfig.xml", "XML", 0, 0, 0, 0, 0, 0, 0, 0, 0, 2, 0, 0, 0, 0, 2
"/mnt/nodo/Repos/website-version-1/assets/icon/manifest.json", "JSON", 0, 0, 0, 0, 0, 41, 0, 0, 0, 0, 0, 0, 0, 0, 41
"/mnt/nodo/Repos/website-version-1/assets/images/logos/logo.svg", "XML", 0, 0, 0, 0, 0, 0, 0, 0, 0, 158, 0, 0, 1, 1, 160
"/mnt/nodo/Repos/website-version-1/assets/images/logos/logo_navigation.svg", "XML", 0, 0, 0, 0, 0, 0, 0, 0, 0, 160, 0, 0, 1, 1, 162
"/mnt/nodo/Repos/website-version-1/assets/images/logos/logo_square.svg", "XML", 0, 0, 0, 0, 0, 0, 0, 0, 0, 33, 0, 0, 1, 1, 35
"/mnt/nodo/Repos/website-version-1/assets/images/projects/flujo-pilas.svg", "XML", 0, 0, 0, 0, 0, 0, 0, 0, 0, 2182, 0, 0, 1, 3, 2186
"/mnt/nodo/Repos/website-version-1/assets/images/social/facebook.svg", "XML", 0, 0, 0, 0, 0, 0, 0, 0, 0, 1, 0, 0, 0, 0, 1
"/mnt/nodo/Repos/website-version-1/assets/images/social/linkedin.svg", "XML", 0, 0, 0, 0, 0, 0, 0, 0, 0, 1, 0, 0, 0, 0, 1
"/mnt/nodo/Repos/website-version-1/assets/images/social/reddit.svg", "XML", 0, 0, 0, 0, 0, 0, 0, 0, 0, 1, 0, 0, 0, 0, 1
"/mnt/nodo/Repos/website-version-1/assets/images/social/telegram.svg", "XML", 0, 0, 0, 0, 0, 0, 0, 0, 0, 1, 0, 0, 0, 0, 1
"/mnt/nodo/Repos/website-version-1/assets/images/social/tumblr.svg", "XML", 0, 0, 0, 0, 0, 0, 0, 0, 0, 1, 0, 0, 0, 0, 1
"/mnt/nodo/Repos/website-version-1/assets/images/social/twitter.svg", "XML", 0, 0, 0, 0, 0, 0, 0, 0, 0, 1, 0, 0, 0, 0, 1
"/mnt/nodo/Repos/website-version-1/assets/images/social/whatsapp.svg", "XML", 0, 0, 0, 0, 0, 0, 0, 0, 0, 1, 0, 0, 0, 0, 1
"/mnt/nodo/Repos/website-version-1/assets/images/surveys/2019-01-fig1.svg", "XML", 0, 0, 0, 0, 0, 0, 0, 0, 0, 63, 0, 0, 0, 1, 64
"/mnt/nodo/Repos/website-version-1/assets/images/surveys/2019-01-fig2.svg", "XML", 0, 0, 0, 0, 0, 0, 0, 0, 0, 326, 0, 0, 0, 1, 327
"/mnt/nodo/Repos/website-version-1/assets/images/surveys/2019-01-fig3.svg", "XML", 0, 0, 0, 0, 0, 0, 0, 0, 0, 67, 0, 0, 0, 1, 68
"/mnt/nodo/Repos/website-version-1/assets/images/surveys/2019-01-fig4.svg", "XML", 0, 0, 0, 0, 0, 0, 0, 0, 0, 61, 0, 0, 0, 1, 62
"/mnt/nodo/Repos/website-version-1/assets/images/surveys/2019-01-fig5.svg", "XML", 0, 0, 0, 0, 0, 0, 0, 0, 0, 68, 0, 0, 0, 1, 69
"/mnt/nodo/Repos/website-version-1/assets/images/surveys/2019-01-fig6.svg", "XML", 0, 0, 0, 0, 0, 0, 0, 0, 0, 59, 0, 0, 0, 1, 60
"/mnt/nodo/Repos/website-version-1/assets/js/anime.min.js", "JavaScript", 0, 0, 0, 0, 0, 0, 0, 0, 0, 0, 1, 0, 6, 1, 8
"/mnt/nodo/Repos/website-version-1/assets/js/cards.js", "JavaScript", 0, 0, 0, 0, 0, 0, 0, 0, 0, 0, 26, 0, 1, 2, 29
"/mnt/nodo/Repos/website-version-1/assets/js/delrefs.js", "JavaScript", 0, 0, 0, 0, 0, 0, 0, 0, 0, 0, 10, 0, 2, 3, 15
"/mnt/nodo/Repos/website-version-1/assets/js/jquery-3.4.1.min.js", "JavaScript", 0, 0, 0, 0, 0, 0, 0, 0, 0, 0, 1, 0, 1, 1, 3
"/mnt/nodo/Repos/website-version-1/assets/js/jquery.waypoints.min.js", "JavaScript", 0, 0, 0, 0, 0, 0, 0, 0, 0, 0, 1, 0, 6, 0, 7
"/mnt/nodo/Repos/website-version-1/assets/js/leadgen-form.js", "JavaScript", 0, 0, 0, 0, 0, 0, 0, 0, 0, 0, 39, 0, 0, 4, 43
"/mnt/nodo/Repos/website-version-1/assets/js/lunr.js", "JavaScript", 0, 0, 0, 0, 0, 0, 0, 0, 0, 0, 1815, 0, 1205, 456, 3476
"/mnt/nodo/Repos/website-version-1/assets/js/membership-form.js", "JavaScript", 0, 0, 0, 0, 0, 0, 0, 0, 0, 0, 46, 0, 0, 4, 50
"/mnt/nodo/Repos/website-version-1/assets/js/modernizr.min.js", "JavaScript", 0, 0, 0, 0, 0, 0, 0, 0, 0, 0, 1, 0, 2, 0, 3
"/mnt/nodo/Repos/website-version-1/assets/js/script.js", "JavaScript", 0, 0, 0, 0, 0, 0, 0, 0, 0, 0, 233, 0, 6, 40, 279
"/mnt/nodo/Repos/website-version-1/assets/js/search.js", "JavaScript", 0, 0, 0, 0, 0, 0, 0, 0, 0, 0, 48, 0, 2, 11, 61
"/mnt/nodo/Repos/website-version-1/category/proyectos/index.html", "HTML", 0, 0, 0, 1, 0, 0, 0, 0, 0, 0, 0, 0, 0, 0, 1
"/mnt/nodo/Repos/website-version-1/category/servicios/index.html", "HTML", 0, 0, 0, 1, 0, 0, 0, 0, 0, 0, 0, 0, 0, 0, 1
"/mnt/nodo/Repos/website-version-1/contact.markdown", "Markdown", 6, 0, 0, 0, 0, 0, 0, 0, 0, 0, 0, 0, 0, 2, 8
"/mnt/nodo/Repos/website-version-1/es_jekyll-testing.sh", "Shell Script", 0, 0, 0, 0, 0, 0, 0, 2, 0, 0, 0, 0, 1, 1, 4
"/mnt/nodo/Repos/website-version-1/index.markdown", "Markdown", 10, 0, 0, 0, 0, 0, 0, 0, 0, 0, 0, 0, 0, 6, 16
"/mnt/nodo/Repos/website-version-1/leadgen/already-verified.markdown", "Markdown", 4, 0, 0, 0, 0, 0, 0, 0, 0, 0, 0, 0, 0, 3, 7
"/mnt/nodo/Repos/website-version-1/leadgen/form.markdown", "Markdown", 4, 0, 0, 0, 0, 0, 0, 0, 0, 0, 0, 0, 0, 3, 7
"/mnt/nodo/Repos/website-version-1/leadgen/invalid-data.markdown", "Markdown", 4, 0, 0, 0, 0, 0, 0, 0, 0, 0, 0, 0, 0, 3, 7
"/mnt/nodo/Repos/website-version-1/leadgen/verification-success.markdown", "Markdown", 4, 0, 0, 0, 0, 0, 0, 0, 0, 0, 0, 0, 0, 3, 7
"/mnt/nodo/Repos/website-version-1/leadgen/verify.markdown", "Markdown", 4, 0, 0, 0, 0, 0, 0, 0, 0, 0, 0, 0, 0, 3, 7
"/mnt/nodo/Repos/website-version-1/membership/application-success.markdown", "Markdown", 4, 0, 0, 0, 0, 0, 0, 0, 0, 0, 0, 0, 0, 3, 7
"/mnt/nodo/Repos/website-version-1/membership/form.markdown", "Markdown", 4, 0, 0, 0, 0, 0, 0, 0, 0, 0, 0, 0, 0, 3, 7
"/mnt/nodo/Repos/website-version-1/membership/invalid-data.markdown", "Markdown", 4, 0, 0, 0, 0, 0, 0, 0, 0, 0, 0, 0, 0, 3, 7
"/mnt/nodo/Repos/website-version-1/package-lock.json", "JSON", 0, 0, 0, 0, 0, 1589, 0, 0, 0, 0, 0, 0, 0, 1, 1590
"/mnt/nodo/Repos/website-version-1/pages/blog/categories.html", "HTML", 0, 0, 0, 4, 0, 0, 0, 0, 0, 0, 0, 0, 0, 2, 6
"/mnt/nodo/Repos/website-version-1/pages/blog/main.html", "HTML", 0, 0, 0, 4, 0, 0, 0, 0, 0, 0, 0, 0, 0, 2, 6
"/mnt/nodo/Repos/website-version-1/pages/blog/tags.html", "HTML", 0, 0, 0, 4, 0, 0, 0, 0, 0, 0, 0, 0, 0, 2, 6
"/mnt/nodo/Repos/website-version-1/pages/documentation/main.markdown", "Markdown", 34, 0, 0, 0, 0, 0, 0, 0, 0, 0, 0, 0, 0, 28, 62
"/mnt/nodo/Repos/website-version-1/pages/portals/Centro Cultural Sembradores.markdown", "Markdown", 21, 0, 0, 0, 0, 0, 0, 0, 0, 0, 0, 0, 0, 11, 32
"/mnt/nodo/Repos/website-version-1/pages/portals/Club Fukuoka.markdown", "Markdown", 18, 0, 0, 0, 0, 0, 0, 0, 0, 0, 0, 0, 0, 11, 29
"/mnt/nodo/Repos/website-version-1/pages/portals/Huerteros Tucum치n.markdown", "Markdown", 24, 0, 0, 0, 0, 0, 0, 0, 0, 0, 0, 0, 0, 12, 36
"/mnt/nodo/Repos/website-version-1/pages/portals/Liliana Sosa.markdown", "Markdown", 29, 0, 0, 0, 0, 0, 0, 0, 0, 0, 0, 0, 0, 11, 40
"/mnt/nodo/Repos/website-version-1/pages/portals/Mercadito Agroecol칩gico.markdown", "Markdown", 63, 0, 0, 0, 0, 0, 0, 0, 0, 0, 0, 0, 0, 15, 78
"/mnt/nodo/Repos/website-version-1/pages/portals/Nave Tierra.markdown", "Markdown", 26, 0, 0, 0, 0, 0, 0, 0, 0, 0, 0, 0, 0, 12, 38
"/mnt/nodo/Repos/website-version-1/pages/portals/Plantaci칩n Comunitaria La Hoya.markdown", "Markdown", 159, 0, 0, 0, 0, 0, 0, 0, 0, 0, 0, 0, 0, 67, 226
"/mnt/nodo/Repos/website-version-1/pages/portals/Portales Nodo Ambiental.markdown", "Markdown", 25, 0, 0, 0, 0, 0, 0, 0, 0, 0, 0, 0, 0, 16, 41
"/mnt/nodo/Repos/website-version-1/pages/portals/SOS Tierra.markdown", "Markdown", 24, 0, 0, 0, 0, 0, 0, 0, 0, 0, 0, 0, 0, 11, 35
"/mnt/nodo/Repos/website-version-1/pages/portals/Salvarnos Salvando.markdown", "Markdown", 27, 0, 0, 0, 0, 0, 0, 0, 0, 0, 0, 0, 0, 13, 40
"/mnt/nodo/Repos/website-version-1/pages/portals/main.markdown", "Markdown", 4, 0, 0, 0, 0, 0, 0, 0, 0, 0, 0, 0, 0, 1, 5
"/mnt/nodo/Repos/website-version-1/pages/projects/Huella viva.markdown", "Markdown", 23, 0, 0, 0, 0, 0, 0, 0, 0, 0, 0, 0, 16, 16, 55
"/mnt/nodo/Repos/website-version-1/pages/projects/Pilas Usadas.markdown", "Markdown", 31, 0, 0, 0, 0, 0, 0, 0, 0, 0, 0, 0, 8, 18, 57
"/mnt/nodo/Repos/website-version-1/pages/projects/Salud, Seguridad e Inocuidad Alimentaria.markdown", "Markdown", 25, 0, 0, 0, 0, 0, 0, 0, 0, 0, 0, 0, 13, 16, 54
"/mnt/nodo/Repos/website-version-1/pages/services/Cooperaci칩n.markdown", "Markdown", 12, 0, 0, 0, 0, 0, 0, 0, 0, 0, 0, 0, 0, 7, 19
"/mnt/nodo/Repos/website-version-1/pages/services/Gobierno y empresas.markdown", "Markdown", 16, 0, 0, 0, 0, 0, 0, 0, 0, 0, 0, 0, 0, 14, 30
"/mnt/nodo/Repos/website-version-1/pages/services/Organizaciones y escuelas.markdown", "Markdown", 18, 0, 0, 0, 0, 0, 0, 0, 0, 0, 0, 0, 0, 13, 31
"/mnt/nodo/Repos/website-version-1/pages/surveys/main.html", "HTML", 0, 0, 0, 4, 0, 0, 0, 0, 0, 0, 0, 0, 0, 2, 6
"/mnt/nodo/Repos/website-version-1/scss/blog.scss", "SCSS", 0, 0, 54, 0, 0, 0, 0, 0, 0, 0, 0, 0, 5, 16, 75
"/mnt/nodo/Repos/website-version-1/scss/cards.scss", "SCSS", 0, 0, 28, 0, 0, 0, 0, 0, 0, 0, 0, 0, 0, 3, 31
"/mnt/nodo/Repos/website-version-1/scss/contact.scss", "SCSS", 0, 0, 137, 0, 0, 0, 0, 0, 0, 0, 0, 0, 8, 28, 173
"/mnt/nodo/Repos/website-version-1/scss/fonts.scss", "SCSS", 0, 0, 40, 0, 0, 0, 0, 0, 0, 0, 0, 0, 0, 4, 44
"/mnt/nodo/Repos/website-version-1/scss/info.scss", "SCSS", 0, 0, 9, 0, 0, 0, 0, 0, 0, 0, 0, 0, 1, 2, 12
"/mnt/nodo/Repos/website-version-1/scss/infograph.scss", "SCSS", 0, 0, 139, 0, 0, 0, 0, 0, 0, 0, 0, 0, 6, 22, 167
"/mnt/nodo/Repos/website-version-1/scss/leadgen.scss", "SCSS", 0, 0, 530, 0, 0, 0, 0, 0, 0, 0, 0, 0, 9, 100, 639
"/mnt/nodo/Repos/website-version-1/scss/license.scss", "SCSS", 0, 0, 100, 0, 0, 0, 0, 0, 0, 0, 0, 0, 7, 18, 125
"/mnt/nodo/Repos/website-version-1/scss/project.scss", "SCSS", 0, 0, 469, 0, 0, 0, 0, 0, 0, 0, 0, 0, 10, 111, 590
"/mnt/nodo/Repos/website-version-1/scss/references.scss", "SCSS", 0, 0, 36, 0, 0, 0, 0, 0, 0, 0, 0, 0, 7, 9, 52
"/mnt/nodo/Repos/website-version-1/scss/search.scss", "SCSS", 0, 0, 70, 0, 0, 0, 0, 0, 0, 0, 0, 0, 8, 15, 93
"/mnt/nodo/Repos/website-version-1/scss/style.scss", "SCSS", 0, 0, 1627, 0, 0, 0, 0, 0, 0, 0, 0, 0, 20, 370, 2017
"/mnt/nodo/Repos/website-version-1/search.json", "JSON", 0, 0, 0, 0, 0, 64, 0, 0, 0, 0, 0, 0, 0, 0, 64
"/mnt/nodo/Repos/website-version-1/search.markdown", "Markdown", 6, 0, 0, 0, 0, 0, 0, 0, 0, 0, 0, 0, 0, 2, 8
"Total", "-", 1500, 4440, 7841, 1398, 185, 1694, 344, 2, 4, 11323, 2221, 3203, 1788, 4131, 40074